dataset,model,protocol,level,seed,accuracy,balanced_accuracy,sensitivity,specificity,f1,roc_auc,mcc,accuracy_bootmean,accuracy_lo95,accuracy_hi95,roc_auc_bootmean,roc_auc_lo95,roc_auc_hi95,sensitivity_bootmean,sensitivity_lo95,sensitivity_hi95,specificity_bootmean,specificity_lo95,specificity_hi95,p1_leak_fraction,acc_same_subject_seen,acc_subject_unseen,permutation_floor_balacc,permutation_floor_auc,permutation_floor_acc
handpd:meander,vgg16,P1_image,image,1,0.8043478260869565,0.5,1.0,0.0,0.891566265060241,0.8729588963963965,0.0,0.7990217391304347,0.717391304347826,0.8698369565217392,0.8757184559359757,0.8066534133184524,0.9357982079195315,1.0,1.0,1.0,0.0,0.0,0.0,,,,,,
handpd:meander,vgg16,P1_image,subject,1,0.8043478260869565,0.5,1.0,0.0,0.891566265060241,0.9091591591591592,0.0,0.8043478260869565,0.717391304347826,0.8804347826086957,0.9122476059813858,0.827311580882353,0.9798926073926074,1.0,1.0,1.0,0.0,0.0,0.0,,,,,,
handpd:meander,vgg16,P2_subject,image,1,0.8043478260869565,0.5,1.0,0.0,0.891566265060241,0.7033596096096095,0.0,0.8038043478260869,0.7282608695652174,0.8804347826086957,0.7052121856595792,0.5758256524440762,0.8241086333570088,1.0,1.0,1.0,0.0,0.0,0.0,,,,,,
handpd:meander,vgg16,P2_subject,subject,1,0.8043478260869565,0.5,1.0,0.0,0.891566265060241,0.7027027027027027,0.0,0.8043478260869565,0.717391304347826,0.8804347826086957,0.704557069427986,0.6045949422022331,0.8215756240987743,1.0,1.0,1.0,0.0,0.0,0.0,,,,,,
handpd:meander,vgg16,leakage_probe,image,1,,,,,,,,,,,,,,,,,,,,0.967391304347826,0.8089887640449438,0.6666666666666666,0.5,0.5261824324324325,0.8043478260869565
handpd:meander,resnet50,P1_image,image,1,0.8070652173913043,0.5069444444444444,1.0,0.013888888888888888,0.8929110105580694,0.8643018018018018,0.10583920649955453,0.8020516304347827,0.7200407608695653,0.8752038043478262,0.8670312514977127,0.7829590428047078,0.9329253472222222,1.0,1.0,1.0,0.014531649075675253,0.0,0.04701891447368425,,,,,,
handpd:meander,resnet50,P1_image,subject,1,0.8043478260869565,0.5,1.0,0.0,0.891566265060241,0.9211711711711712,0.0,0.8043478260869565,0.717391304347826,0.8804347826086957,0.9277521126334627,0.8382643995098039,0.9855913730173035,1.0,1.0,1.0,0.0,0.0,0.0,,,,,,
handpd:meander,resnet50,P2_subject,image,1,0.8043478260869565,0.5,1.0,0.0,0.891566265060241,0.8365944069069068,0.0,0.8038043478260869,0.7282608695652174,0.8804347826086957,0.8330274414985429,0.7296155448238872,0.9061843093093094,1.0,1.0,1.0,0.0,0.0,0.0,,,,,,
handpd:meander,resnet50,P2_subject,subject,1,0.8043478260869565,0.5,1.0,0.0,0.891566265060241,0.8611111111111113,0.0,0.8043478260869565,0.717391304347826,0.8804347826086957,0.8679008671113508,0.7519903285638581,0.9513958010835912,1.0,1.0,1.0,0.0,0.0,0.0,,,,,,
handpd:meander,resnet50,leakage_probe,image,1,,,,,,,,,,,,,,,,,,,,0.967391304347826,0.8117977528089888,0.6666666666666666,0.5,0.588963963963964,0.8043478260869565
handpd:meander,efficientnet_b0,P1_image,image,1,0.8505434782608695,0.6233108108108107,0.9966216216216216,0.25,0.9147286821705426,0.9153528528528528,0.44213382236807464,0.846875,0.7771739130434783,0.9131114130434782,0.9182311637091888,0.8372474690393994,0.9767586580086579,0.9969813768733803,0.9894366197183099,1.0,0.2521956759579136,0.16298524844720497,0.3596168154761905,,,,,,
handpd:meander,efficientnet_b0,P1_image,subject,1,0.8586956521739131,0.6388888888888888,1.0,0.2777777777777778,0.9192546583850931,0.942942942942943,0.48607690082139554,0.8588586956521741,0.7823369565217392,0.9239130434782609,0.9491673480664363,0.8563112331081081,0.9953286913674237,1.0,1.0,1.0,0.2791448551453768,0.11096491228070175,0.5,,,,,,
handpd:meander,efficientnet_b0,P2_subject,image,1,0.8586956521739131,0.6388888888888888,1.0,0.2777777777777778,0.9192546583850931,0.8964902402402403,0.48607690082139554,0.8566847826086956,0.7961956521739131,0.9103940217391304,0.8930935908365236,0.7935041920731707,0.9585765941722972,1.0,1.0,1.0,0.2672174623868993,0.14989583333333334,0.375,,,,,,
handpd:meander,efficientnet_b0,P2_subject,subject,1,0.8369565217391305,0.5833333333333334,1.0,0.16666666666666666,0.9079754601226994,0.9241741741741742,0.3722590214168318,0.8346739130434783,0.7608695652173914,0.9021739130434783,0.9302782398780007,0.8270729166666666,0.989293795881423,1.0,1.0,1.0,0.15361524622683564,0.0,0.35730519480519485,,,,,,
handpd:meander,efficientnet_b0,leakage_probe,image,1,,,,,,,,,,,,,,,,,,,,0.967391304347826,0.8539325842696629,0.75,0.5,0.5877439939939939,0.8043478260869565
handpd:meander,vgg16,P1_image,image,2,0.8070652173913043,0.5121996996996997,0.9966216216216216,0.027777777777777776,0.8925869894099848,0.8279373123123124,0.107642600280505,0.801399456521739,0.7255434782608695,0.8858695652173914,0.8266323014221277,0.7507947665433389,0.8856713567952416,0.9965832687524013,0.9864818585708997,1.0,0.027413167388681003,0.0,0.0652536231884058,,,,,,
handpd:meander,vgg16,P1_image,subject,2,0.8043478260869565,0.5,1.0,0.0,0.891566265060241,0.9106606606606608,0.0,0.8015760869565217,0.717391304347826,0.8807065217391306,0.9140240264501232,0.8374095394736842,0.9668601015027496,1.0,1.0,1.0,0.0,0.0,0.0,,,,,,
handpd:meander,vgg16,P2_subject,image,2,0.8070652173913043,0.5069444444444444,1.0,0.013888888888888888,0.8929110105580694,0.7797484984984985,0.10583920649955453,0.8056114130434783,0.7251358695652174,0.8805027173913044,0.7841902475680187,0.6473819435138033,0.8983154694570136,1.0,1.0,1.0,0.015259930091526703,0.0,0.046875,,,,,,
handpd:meander,vgg16,P2_subject,subject,2,0.8043478260869565,0.5,1.0,0.0,0.891566265060241,0.7837837837837838,0.0,0.8015760869565217,0.717391304347826,0.8807065217391306,0.7798326334078831,0.6399415584415584,0.8956329164662499,1.0,1.0,1.0,0.0,0.0,0.0,,,,,,
handpd:meander,vgg16,leakage_probe,image,2,,,,,,,,,,,,,,,,,,,,0.9565217391304348,0.8096590909090909,0.75,0.5,0.5105574324324325,0.8043478260869565
handpd:meander,resnet50,P1_image,image,2,0.8043478260869565,0.5,1.0,0.0,0.891566265060241,0.8495213963963965,0.0,0.7985869565217392,0.717391304347826,0.8804347826086957,0.8454147293719771,0.7521315818085598,0.9094975657475658,1.0,1.0,1.0,0.0,0.0,0.0,,,,,,
handpd:meander,resnet50,P1_image,subject,2,0.8043478260869565,0.5,1.0,0.0,0.891566265060241,0.8843843843843844,0.0,0.8015760869565217,0.717391304347826,0.8807065217391306,0.8835925389810331,0.7883774509803921,0.9687809067390475,1.0,1.0,1.0,0.0,0.0,0.0,,,,,,
handpd:meander,resnet50,P2_subject,image,2,0.8043478260869565,0.5,1.0,0.0,0.891566265060241,0.8310341591591592,0.0,0.8026086956521739,0.7171195652173913,0.8804347826086957,0.832841944077,0.7163070436507937,0.9344840628123463,1.0,1.0,1.0,0.0,0.0,0.0,,,,,,
handpd:meander,resnet50,P2_subject,subject,2,0.8043478260869565,0.5,1.0,0.0,0.891566265060241,0.8536036036036037,0.0,0.8015760869565217,0.717391304347826,0.8807065217391306,0.8589098506653332,0.755741341991342,0.9578008437456776,1.0,1.0,1.0,0.0,0.0,0.0,,,,,,
handpd:meander,resnet50,leakage_probe,image,2,,,,,,,,,,,,,,,,,,,,0.9565217391304348,0.8068181818181818,0.75,0.5,0.5878847597597597,0.8043478260869565
handpd:meander,efficientnet_b0,P1_image,image,2,0.8125,0.5208333333333334,1.0,0.041666666666666664,0.8956127080181543,0.8631756756756757,0.18382044047901622,0.8068478260869566,0.7335597826086957,0.8886548913043478,0.8601971811622916,0.7680176637883772,0.9280790115738692,1.0,1.0,1.0,0.04082632266156503,0.0,0.09090909090909091,,,,,,
handpd:meander,efficientnet_b0,P1_image,subject,2,0.8043478260869565,0.5,1.0,0.0,0.891566265060241,0.9241741741741741,0.0,0.8015760869565217,0.717391304347826,0.8807065217391306,0.9325645065311161,0.8404198841698842,0.9898331290849673,1.0,1.0,1.0,0.0,0.0,0.0,,,,,,
handpd:meander,efficientnet_b0,P2_subject,image,2,0.8342391304347826,0.5816441441441441,0.9966216216216216,0.16666666666666666,0.9062980030721967,0.8419669669669668,0.3508983188501815,0.8330027173913044,0.7635190217391304,0.8967391304347826,0.8419637802565907,0.7470786785856688,0.918279980742297,0.9966238823596728,0.9892778361344539,1.0,0.16847570868524392,0.06237980769230769,0.2876654411764706,,,,,,
handpd:meander,efficientnet_b0,P2_subject,subject,2,0.8260869565217391,0.5555555555555556,1.0,0.1111111111111111,0.9024390243902439,0.8678678678678678,0.302254900194121,0.8226086956521739,0.7391304347826086,0.9021739130434783,0.8748135705700022,0.787535373608903,0.9435208048530417,1.0,1.0,1.0,0.10654135774561808,0.0,0.2669444444444445,,,,,,
handpd:meander,efficientnet_b0,leakage_probe,image,2,,,,,,,,,,,,,,,,,,,,0.9565217391304348,0.8153409090909091,0.75,0.5,0.5782188438438438,0.8043478260869565
handpd:meander,vgg16,P1_image,image,3,0.8043478260869565,0.5,1.0,0.0,0.891566265060241,0.7128378378378378,0.0,0.8002717391304347,0.7065217391304348,0.8698369565217392,0.7131221412532044,0.6304870287125118,0.7918385845924909,1.0,1.0,1.0,0.0,0.0,0.0,,,,,,
handpd:meander,vgg16,P1_image,subject,3,0.8043478260869565,0.5,1.0,0.0,0.891566265060241,0.777027027027027,0.0,0.8005978260869564,0.7282608695652174,0.8804347826086957,0.7735638841727877,0.6549158751696065,0.9043689787502148,1.0,1.0,1.0,0.0,0.0,0.0,,,,,,
handpd:meander,vgg16,P2_subject,image,3,0.8043478260869565,0.5,1.0,0.0,0.891566265060241,0.9144144144144143,0.0,0.794836956521739,0.7065217391304348,0.8804347826086957,0.9168073858755901,0.837490086517664,0.9674778487402044,1.0,1.0,1.0,0.0,0.0,0.0,,,,,,
handpd:meander,vgg16,P2_subject,subject,3,0.8043478260869565,0.5,1.0,0.0,0.891566265060241,0.9226726726726727,0.0,0.8005978260869564,0.7282608695652174,0.8804347826086957,0.9268436354932166,0.8437294407894737,0.9817236753856472,1.0,1.0,1.0,0.0,0.0,0.0,,,,,,
handpd:meander,vgg16,leakage_probe,image,3,,,,,,,,,,,,,,,,,,,,0.967391304347826,0.797752808988764,1.0,0.5,0.5344406906906907,0.8043478260869565
handpd:meander,resnet50,P1_image,image,3,0.8043478260869565,0.5,1.0,0.0,0.891566265060241,0.8899680930930931,0.0,0.8002717391304347,0.7065217391304348,0.8698369565217392,0.8937446376090514,0.8182269683441559,0.9550481482738603,1.0,1.0,1.0,0.0,0.0,0.0,,,,,,
handpd:meander,resnet50,P1_image,subject,3,0.8043478260869565,0.5,1.0,0.0,0.891566265060241,0.9309309309309309,0.0,0.8005978260869564,0.7282608695652174,0.8804347826086957,0.9314913416792342,0.8588088474025974,0.9847436763999038,1.0,1.0,1.0,0.0,0.0,0.0,,,,,,
handpd:meander,resnet50,P2_subject,image,3,0.8043478260869565,0.5,1.0,0.0,0.891566265060241,0.792042042042042,0.0,0.794836956521739,0.7065217391304348,0.8804347826086957,0.7966758787690523,0.688394839638158,0.887019231932082,1.0,1.0,1.0,0.0,0.0,0.0,,,,,,
handpd:meander,resnet50,P2_subject,subject,3,0.8043478260869565,0.5,1.0,0.0,0.891566265060241,0.8108108108108107,0.0,0.8005978260869564,0.7282608695652174,0.8804347826086957,0.8142271972752309,0.7130413510101009,0.9058603896103897,1.0,1.0,1.0,0.0,0.0,0.0,,,,,,
handpd:meander,resnet50,leakage_probe,image,3,,,,,,,,,,,,,,,,,,,,0.967391304347826,0.797752808988764,1.0,0.5,0.5603415915915916,0.8043478260869565
handpd:meander,efficientnet_b0,P1_image,image,3,0.8505434782608695,0.6706081081081081,0.9662162162162162,0.375,0.9122807017543859,0.8644894894894896,0.45011854623941017,0.845883152173913,0.7906929347826087,0.8941576086956522,0.865936135365357,0.7909244791666666,0.9320748799344774,0.9647766318308436,0.9383347602739726,0.9859203834115806,0.367943292436517,0.24965277777777778,0.4844184027777778,,,,,,
handpd:meander,efficientnet_b0,P1_image,subject,3,0.8586956521739131,0.6388888888888888,1.0,0.2777777777777778,0.9192546583850931,0.9204204204204205,0.48607690082139554,0.8540217391304347,0.782608695652174,0.9130434782608695,0.9231929599185404,0.8253604902667628,0.9892551183228594,1.0,1.0,1.0,0.2641598691540558,0.0665625,0.5,,,,,,
handpd:meander,efficientnet_b0,P2_subject,image,3,0.8342391304347826,0.5816441441441441,0.9966216216216216,0.16666666666666666,0.9062980030721967,0.8834928678678678,0.3508983188501815,0.8265353260869566,0.7444972826086956,0.894225543478261,0.8862176086535802,0.7884382659313726,0.949427024680931,0.99658525972304,0.9871753246753248,1.0,0.16804239693751982,0.06998611111111112,0.2708333333333333,,,,,,
handpd:meander,efficientnet_b0,P2_subject,subject,3,0.8260869565217391,0.5555555555555556,1.0,0.1111111111111111,0.9024390243902439,0.9099099099099099,0.302254900194121,0.8205978260869564,0.7497282608695652,0.8913043478260869,0.9143982730912629,0.8127191253753754,0.9926867436361108,1.0,1.0,1.0,0.1005849863441649,0.0,0.2631578947368421,,,,,,
handpd:meander,efficientnet_b0,leakage_probe,image,3,,,,,,,,,,,,,,,,,,,,0.967391304347826,0.8455056179775281,1.0,0.4924924924924925,0.5490803303303304,0.75
handpd:meander,vgg16,P1_image,image,4,0.8097826086956522,0.5138888888888888,1.0,0.027777777777777776,0.8942598187311178,0.8297672672672672,0.1498835816187301,0.8081657608695653,0.7391304347826086,0.8805027173913044,0.8318066582493441,0.7579515094109563,0.9036702655510485,1.0,1.0,1.0,0.02870246815513423,0.0,0.07304687500000004,,,,,,
handpd:meander,vgg16,P1_image,subject,4,0.8043478260869565,0.5,1.0,0.0,0.891566265060241,0.8836336336336337,0.0,0.8023913043478259,0.7279891304347826,0.8804347826086957,0.8869664080270057,0.7859865134865135,0.9731618247883309,1.0,1.0,1.0,0.0,0.0,0.0,,,,,,
handpd:meander,vgg16,P2_subject,image,4,0.8043478260869565,0.5,1.0,0.0,0.891566265060241,0.8371809309309309,0.0,0.8021195652173914,0.7171195652173913,0.8695652173913043,0.8372952409736168,0.7003233745421245,0.9462457697459429,1.0,1.0,1.0,0.0,0.0,0.0,,,,,,
handpd:meander,vgg16,P2_subject,subject,4,0.8043478260869565,0.5,1.0,0.0,0.891566265060241,0.8536036036036037,0.0,0.8023913043478259,0.7279891304347826,0.8804347826086957,0.8549334087753592,0.7364354469060351,0.9521276811463592,1.0,1.0,1.0,0.0,0.0,0.0,,,,,,
handpd:meander,vgg16,leakage_probe,image,4,,,,,,,,,,,,,,,,,,,,0.9456521739130435,0.8103448275862069,0.8,0.5,0.518674924924925,0.8043478260869565
handpd:meander,resnet50,P1_image,image,4,0.8043478260869565,0.5,1.0,0.0,0.891566265060241,0.8920326576576576,0.0,0.8025,0.7282608695652174,0.8804347826086957,0.8924248291053513,0.834302626022404,0.9415488795230263,1.0,1.0,1.0,0.0,0.0,0.0,,,,,,
handpd:meander,resnet50,P1_image,subject,4,0.8043478260869565,0.5,1.0,0.0,0.891566265060241,0.933933933933934,0.0,0.8023913043478259,0.7279891304347826,0.8804347826086957,0.9372845164302275,0.8748149671052632,0.985274923222301,1.0,1.0,1.0,0.0,0.0,0.0,,,,,,
handpd:meander,resnet50,P2_subject,image,4,0.8097826086956522,0.5138888888888888,1.0,0.027777777777777776,0.8942598187311178,0.8774399399399399,0.1498835816187301,0.8072826086956522,0.7172554347826087,0.8695652173913043,0.877571834255047,0.7807136667375236,0.9507881871256377,1.0,1.0,1.0,0.02583789124429651,0.0,0.08837316176470592,,,,,,
handpd:meander,resnet50,P2_subject,subject,4,0.8043478260869565,0.5,1.0,0.0,0.891566265060241,0.9076576576576576,0.0,0.8023913043478259,0.7279891304347826,0.8804347826086957,0.9120837858808721,0.8225359570301054,0.9747478282452221,1.0,1.0,1.0,0.0,0.0,0.0,,,,,,
handpd:meander,resnet50,leakage_probe,image,4,,,,,,,,,,,,,,,,,,,,0.9456521739130435,0.8045977011494253,0.8,0.5,0.5842248498498498,0.8043478260869565
handpd:meander,efficientnet_b0,P1_image,image,4,0.8342391304347826,0.5816441441441441,0.9966216216216216,0.16666666666666666,0.9062980030721967,0.9184027777777778,0.3508983188501815,0.8334782608695653,0.7661684782608695,0.8916440217391305,0.9187173649023476,0.8427315062248493,0.9721834116133432,0.9967536906069082,0.9895833333333334,1.0,0.16994281245098733,0.0693530701754386,0.27941176470588236,,,,,,
handpd:meander,efficientnet_b0,P1_image,subject,4,0.8260869565217391,0.5555555555555556,1.0,0.1111111111111111,0.9024390243902439,0.9444444444444445,0.302254900194121,0.8258152173913044,0.7605978260869566,0.8915760869565218,0.9482522405653901,0.8483259936580831,0.9960790679908327,1.0,1.0,1.0,0.11826546525204373,0.0,0.2502717391304348,,,,,,
handpd:meander,efficientnet_b0,P2_subject,image,4,0.8342391304347826,0.5816441441441441,0.9966216216216216,0.16666666666666666,0.9062980030721967,0.8955518018018018,0.3508983188501815,0.8315760869565219,0.7554347826086957,0.8914402173913043,0.8953838348053484,0.7817909642269737,0.9653139592075479,0.99649268702385,0.9869951965842376,1.0,0.16100380476670864,0.04540513833992095,0.2917279411764706,,,,,,
handpd:meander,efficientnet_b0,P2_subject,subject,4,0.8152173913043478,0.5277777777777778,1.0,0.05555555555555555,0.896969696969697,0.9234234234234234,0.21254892419639573,0.8141304347826087,0.7391304347826086,0.8807065217391306,0.9277174401281875,0.8216558519586638,0.9969411764705882,1.0,1.0,1.0,0.05833993452362041,0.0,0.18181818181818182,,,,,,
handpd:meander,efficientnet_b0,leakage_probe,image,4,,,,,,,,,,,,,,,,,,,,0.9456521739130435,0.8333333333333334,0.85,0.4938063063063063,0.5680367867867868,0.7690217391304348
handpd:meander,vgg16,P1_image,image,5,0.8043478260869565,0.5,1.0,0.0,0.891566265060241,0.8454861111111112,0.0,0.7994021739130435,0.7065217391304348,0.8804347826086957,0.8471382346005903,0.7827128286210319,0.8929620098039215,1.0,1.0,1.0,0.0,0.0,0.0,,,,,,
handpd:meander,vgg16,P1_image,subject,5,0.8043478260869565,0.5,1.0,0.0,0.891566265060241,0.9061561561561561,0.0,0.8011413043478263,0.717391304347826,0.8804347826086957,0.9052946950344737,0.8379076597744362,0.96121336996337,1.0,1.0,1.0,0.0,0.0,0.0,,,,,,
handpd:meander,vgg16,P2_subject,image,5,0.8043478260869565,0.5,1.0,0.0,0.891566265060241,0.8552458708708709,0.0,0.8035869565217391,0.7282608695652174,0.8915760869565218,0.8559440401158954,0.762549503569835,0.9417852832825203,1.0,1.0,1.0,0.0,0.0,0.0,,,,,,
handpd:meander,vgg16,P2_subject,subject,5,0.8043478260869565,0.5,1.0,0.0,0.891566265060241,0.8753753753753754,0.0,0.8011413043478263,0.717391304347826,0.8804347826086957,0.8746982679998717,0.7744969846491229,0.943952381299173,1.0,1.0,1.0,0.0,0.0,0.0,,,,,,
handpd:meander,vgg16,leakage_probe,image,5,,,,,,,,,,,,,,,,,,,,0.9782608695652174,0.8,1.0,0.5,0.5014545795795796,0.8043478260869565
handpd:meander,resnet50,P1_image,image,5,0.8070652173913043,0.5069444444444444,1.0,0.013888888888888888,0.8929110105580694,0.8493337087087086,0.10583920649955453,0.8024048913043478,0.7173233695652174,0.8805027173913044,0.8519184837671816,0.7591606560633459,0.9322839179527399,1.0,1.0,1.0,0.01523496018688129,0.0,0.04411764705882353,,,,,,
handpd:meander,resnet50,P1_image,subject,5,0.8043478260869565,0.5,1.0,0.0,0.891566265060241,0.9069069069069071,0.0,0.8011413043478263,0.717391304347826,0.8804347826086957,0.9069155275816171,0.8164380745313625,0.9786479100212654,1.0,1.0,1.0,0.0,0.0,0.0,,,,,,
handpd:meander,resnet50,P2_subject,image,5,0.8070652173913043,0.5069444444444444,1.0,0.013888888888888888,0.8929110105580694,0.8653340840840841,0.10583920649955453,0.8063043478260871,0.7309103260869565,0.896875,0.8641295780903647,0.7908240766478503,0.9382383477650929,1.0,1.0,1.0,0.014215974865522785,0.0,0.04695312500000002,,,,,,
handpd:meander,resnet50,P2_subject,subject,5,0.8043478260869565,0.5,1.0,0.0,0.891566265060241,0.8993993993993994,0.0,0.8011413043478263,0.717391304347826,0.8804347826086957,0.8987880215560629,0.8267348008876487,0.9562673611111111,1.0,1.0,1.0,0.0,0.0,0.0,,,,,,
handpd:meander,resnet50,leakage_probe,image,5,,,,,,,,,,,,,,,,,,,,0.9782608695652174,0.8027777777777778,1.0,0.5,0.5753566066066067,0.8043478260869565
handpd:meander,efficientnet_b0,P1_image,image,5,0.8288043478260869,0.5677552552552553,0.9966216216216216,0.1388888888888889,0.9035222052067381,0.8628003003003003,0.3156855000652589,0.8250271739130435,0.7605298913043479,0.8915081521739131,0.8643998991027679,0.790687754530184,0.9259035841609371,0.9966816934767277,0.9897224600456621,1.0,0.13956333901215842,0.06666666666666667,0.2361293859649123,,,,,,
handpd:meander,efficientnet_b0,P1_image,subject,5,0.8043478260869565,0.5,1.0,0.0,0.891566265060241,0.9129129129129129,0.0,0.8011413043478263,0.717391304347826,0.8804347826086957,0.9138013481452398,0.8211607786589762,0.9715152274663611,1.0,1.0,1.0,0.0,0.0,0.0,,,,,,
handpd:meander,efficientnet_b0,P2_subject,image,5,0.8315217391304348,0.5746996996996997,0.9966216216216216,0.1527777777777778,0.9049079754601227,0.8805367867867868,0.33369164532409695,0.8312635869565219,0.7580842391304348,0.9130434782608695,0.8822381939877865,0.810526979932598,0.9454127641360873,0.9967661191313444,0.9898648648648649,1.0,0.15520693374420327,0.07482954545454545,0.2750694444444445,,,,,,
handpd:meander,efficientnet_b0,P2_subject,subject,5,0.8152173913043478,0.5277777777777778,1.0,0.05555555555555555,0.896969696969697,0.927927927927928,0.21254892419639573,0.8131521739130434,0.7388586956521739,0.8913043478260869,0.9288326869155253,0.8271023696393762,0.9844209324430844,1.0,1.0,1.0,0.061674958528528216,0.0,0.2,,,,,,
handpd:meander,efficientnet_b0,leakage_probe,image,5,,,,,,,,,,,,,,,,,,,,0.9782608695652174,0.825,1.0,0.5088213213213213,0.5825825825825826,0.8016304347826086
