train,test,model,level,seed,accuracy,balanced_accuracy,sensitivity,specificity,f1,roc_auc,mcc,accuracy_bootmean,accuracy_lo95,accuracy_hi95,roc_auc_bootmean,roc_auc_lo95,roc_auc_hi95,sensitivity_bootmean,sensitivity_lo95,sensitivity_hi95,specificity_bootmean,specificity_lo95,specificity_hi95
kaggle_spiral,handpd_spiral,vgg16,image,1,0.6494565217391305,0.7085210210210211,0.6114864864864865,0.8055555555555556,0.7372708757637475,0.7893674924924925,0.33147561491984284,0.6486861413043478,0.5625,0.7336956521739131,0.7882331239190614,0.6575466344997595,0.8938385753212268,0.6103864139205646,0.5197368421052632,0.7022183028616851,0.80533848640444,0.5937088815789474,0.9666666666666667
kaggle_spiral,handpd_spiral,vgg16,subject,1,0.6630434782608695,0.7274774774774775,0.6216216216216216,0.8333333333333334,0.7479674796747967,0.8018018018018018,0.3617330947639566,0.6619565217391303,0.5652173913043478,0.7608695652173914,0.8004918445220055,0.6467236560907446,0.9185389426917905,0.6202533283372759,0.5126923076923077,0.7285714285714285,0.8327512545176267,0.6153846153846154,1.0
kaggle_spiral,handpd_spiral,resnet50,image,1,0.24456521739130435,0.5251501501501502,0.06418918918918919,0.9861111111111112,0.12025316455696203,0.5592623873873874,0.08801933068927974,0.24512228260869565,0.16297554347826088,0.3342391304347826,0.5589940383181004,0.44753973890692644,0.6618058580139372,0.06440030284020919,0.02396450388744909,0.11429315476190471,0.9863130724783151,0.9545454545454546,1.0
kaggle_spiral,handpd_spiral,resnet50,subject,1,0.22826086956521738,0.5202702702702703,0.04054054054054054,1.0,0.07792207792207792,0.575075075075075,0.09054949169598611,0.22877173913043475,0.14130434782608695,0.31521739130434784,0.5749369061106795,0.4350241894855382,0.7041849010731053,0.04074167673673473,0.0,0.09333333333333334,1.0,1.0,1.0
kaggle_spiral,handpd_spiral,efficientnet_b0,image,1,0.20380434782608695,0.5050675675675675,0.010135135135135136,1.0,0.020066889632107024,0.4837180930930931,0.04471308011651746,0.2043138586956522,0.125,0.28804347826086957,0.4845352947156141,0.3800075954861111,0.5901484146786758,0.010300562845142369,0.0,0.02702702702702703,1.0,1.0,1.0
kaggle_spiral,handpd_spiral,efficientnet_b0,subject,1,0.20652173913043478,0.5067567567567568,0.013513513513513514,1.0,0.02666666666666667,0.44744744744744747,0.05170108966939356,0.20718478260869563,0.13043478260869565,0.29347826086956524,0.4487895328990473,0.28569994262765347,0.6158561657573813,0.013884562208332663,0.0,0.043478260869565216,1.0,1.0,1.0
kaggle_spiral,handpd_spiral,vgg16,image,2,0.1956521739130435,0.5,0.0,1.0,0.0,0.34445382882882886,0.0,0.19580978260869564,0.11956521739130435,0.2826086956521739,0.3435077977221339,0.2495546033165518,0.4443277645861601,0.0,0.0,0.0,1.0,1.0,1.0
kaggle_spiral,handpd_spiral,vgg16,subject,2,0.1956521739130435,0.5,0.0,1.0,0.0,0.30930930930930933,0.0,0.19580978260869564,0.11956521739130435,0.2826086956521739,0.3077346033399948,0.1861180486180486,0.4417395104895104,0.0,0.0,0.0,1.0,1.0,1.0
kaggle_spiral,handpd_spiral,resnet50,image,2,0.23369565217391305,0.5131381381381381,0.05405405405405406,0.9722222222222222,0.10191082802547771,0.622653903903904,0.04832875957787112,0.23403940217391306,0.15489130434782608,0.3179347826086957,0.6241866792356083,0.5041879283951174,0.7317757097630717,0.05410927899331314,0.018115942028985508,0.09687849813432835,0.9731283585002943,0.9318181818181818,1.0
kaggle_spiral,handpd_spiral,resnet50,subject,2,0.22826086956521738,0.5202702702702703,0.04054054054054054,1.0,0.07792207792207792,0.6659159159159158,0.09054949169598611,0.2283478260869565,0.15217391304347827,0.31521739130434784,0.668799303076733,0.5147953108875128,0.8065570887445888,0.04041508114232716,0.0,0.09093899521531085,1.0,1.0,1.0
kaggle_spiral,handpd_spiral,efficientnet_b0,image,2,0.5516304347826086,0.663475975975976,0.4797297297297297,0.8472222222222222,0.6325167037861915,0.7323104354354354,0.2631667958964748,0.5506983695652173,0.47282608695652173,0.630502717391304,0.7321196497702411,0.62066829329064,0.8374472402597404,0.4779596455827055,0.3904109589041096,0.5625233208955223,0.849240442662884,0.7,0.9722587719298244
kaggle_spiral,handpd_spiral,efficientnet_b0,subject,2,0.5652173913043478,0.6876876876876876,0.4864864864864865,0.8888888888888888,0.6428571428571429,0.7612612612612613,0.302433025214821,0.5643260869565218,0.4673913043478261,0.6630434782608695,0.760994554292804,0.6346127450980392,0.8753907746968309,0.4847716024402508,0.37035768645357686,0.593761322463768,0.8903089144096332,0.7222222222222222,1.0
kaggle_spiral,handpd_spiral,vgg16,image,3,0.7445652173913043,0.46283783783783783,0.9256756756756757,0.0,0.8535825545171339,0.50243993993994,-0.12436371410266152,0.7429429347826088,0.6603260869565217,0.8179347826086957,0.5014750628875188,0.4101022889068694,0.5922585784313725,0.9250622419240806,0.8857142857142857,0.961044677153832,0.0,0.0,0.0
kaggle_spiral,handpd_spiral,vgg16,subject,3,0.782608695652174,0.4864864864864865,0.972972972972973,0.0,0.8780487804878049,0.49849849849849853,-0.07352146220938077,0.7812173913043478,0.6956521739130435,0.8586956521739131,0.49780028496729534,0.3666591591591592,0.6243511599304464,0.9727409644059645,0.9305555555555556,1.0,0.0,0.0,0.0
kaggle_spiral,handpd_spiral,resnet50,image,3,0.28532608695652173,0.5452327327327328,0.11824324324324324,0.9722222222222222,0.21021021021021022,0.5686936936936937,0.11933836044411206,0.285929347826087,0.20108695652173914,0.37228260869565216,0.5681697189919593,0.4731577087045837,0.6585234558610099,0.11770194872516672,0.06152027027027027,0.1795774647887324,0.9722757419180628,0.9285714285714286,1.0
kaggle_spiral,handpd_spiral,resnet50,subject,3,0.2717391304347826,0.5472972972972973,0.0945945945945946,1.0,0.1728395061728395,0.581081081081081,0.14153372920397717,0.272695652173913,0.18478260869565216,0.3695652173913043,0.5807022194959474,0.4350179792311662,0.71887324929972,0.09442530888108318,0.029839771729587357,0.16883574172306565,1.0,1.0,1.0
kaggle_spiral,handpd_spiral,efficientnet_b0,image,3,0.6141304347826086,0.6340090090090089,0.6013513513513513,0.6666666666666666,0.714859437751004,0.6872184684684685,0.21367138558985624,0.6149633152173912,0.5516304347826086,0.6766304347826086,0.688144366150326,0.5984737488709451,0.7716468502982619,0.6019923063530958,0.5321405677655677,0.6710782638414216,0.6677955341303905,0.5131578947368421,0.8125
kaggle_spiral,handpd_spiral,efficientnet_b0,subject,3,0.6413043478260869,0.6509009009009008,0.6351351351351351,0.6666666666666666,0.7401574803149606,0.7635135135135136,0.24227226656941428,0.6424782608695653,0.5434782608695652,0.7391304347826086,0.764020172328675,0.6360445261437908,0.8736076875427203,0.6361812410056883,0.5277777777777778,0.7402597402597403,0.6681208331594776,0.4166666666666667,0.8947368421052632
kaggle_spiral,handpd_spiral,vgg16,image,4,0.8043478260869565,0.5,1.0,0.0,0.891566265060241,0.8455799549549551,0.0,0.8049836956521739,0.717391304347826,0.8804347826086957,0.8469033819268541,0.7422390407986111,0.931675587715555,1.0,1.0,1.0,0.0,0.0,0.0
kaggle_spiral,handpd_spiral,vgg16,subject,4,0.8043478260869565,0.5,1.0,0.0,0.891566265060241,0.8821321321321323,0.0,0.8049836956521739,0.717391304347826,0.8804347826086957,0.883294233129832,0.7692810710416343,0.9738559562503224,1.0,1.0,1.0,0.0,0.0,0.0
kaggle_spiral,handpd_spiral,resnet50,image,4,0.29347826086956524,0.5397897897897898,0.13513513513513514,0.9444444444444444,0.23529411764705882,0.7123686186186186,0.09730046165229746,0.29370516304347827,0.21188858695652174,0.37771739130434784,0.7143931917603035,0.5885274511765054,0.8207785417193825,0.13603887735533174,0.08124577702702702,0.19927658636897766,0.9448118060634021,0.875,1.0
kaggle_spiral,handpd_spiral,resnet50,subject,4,0.2717391304347826,0.5262762762762763,0.10810810810810811,0.9444444444444444,0.1927710843373494,0.737987987987988,0.07017551794021626,0.27139130434782605,0.18478260869565216,0.3695652173913043,0.7403640072653958,0.5826623376623377,0.8761552074052072,0.1086516294321594,0.0410958904109589,0.18571428571428572,0.9432355819096544,0.8125,1.0
kaggle_spiral,handpd_spiral,efficientnet_b0,image,4,0.6114130434782609,0.5850225225225225,0.6283783783783784,0.5416666666666666,0.7223300970873786,0.6360266516516517,0.1374234646754841,0.6116535326086956,0.5597826086956522,0.6657608695652174,0.6368968294513963,0.5694241527855056,0.6988120447603384,0.6286709042914699,0.5694444444444444,0.6883128002134852,0.5413761515348698,0.4423076923076923,0.6388888888888888
kaggle_spiral,handpd_spiral,efficientnet_b0,subject,4,0.75,0.7184684684684685,0.7702702702702703,0.6666666666666666,0.8321167883211679,0.7342342342342342,0.37307968255223595,0.7503097826086956,0.6521739130434783,0.8369565217391305,0.7362146643152985,0.6073470345345344,0.848114420451725,0.7706149824009988,0.6714285714285714,0.8648648648648649,0.6670815194600872,0.42857142857142855,0.8823529411764706
kaggle_spiral,handpd_spiral,vgg16,image,5,0.8043478260869565,0.5,1.0,0.0,0.891566265060241,0.8141422672672672,0.0,0.8046195652173913,0.7282608695652174,0.8804347826086957,0.8137939401243058,0.695287455424174,0.913328744593977,1.0,1.0,1.0,0.0,0.0,0.0
kaggle_spiral,handpd_spiral,vgg16,subject,5,0.8043478260869565,0.5,1.0,0.0,0.891566265060241,0.8385885885885886,0.0,0.8046195652173913,0.7282608695652174,0.8804347826086957,0.8382196237136509,0.7088651671793119,0.9444844989185293,1.0,1.0,1.0,0.0,0.0,0.0
kaggle_spiral,handpd_spiral,resnet50,image,5,0.47554347826086957,0.6161786786786787,0.38513513513513514,0.8472222222222222,0.5415676959619953,0.6714057807807808,0.19463027172325,0.47593614130434786,0.4048913043478261,0.5489809782608692,0.6718423631640337,0.5812952850156173,0.7582174068599848,0.38588297817299677,0.31,0.46233304794520547,0.846618442383854,0.75,0.9375744047619043
kaggle_spiral,handpd_spiral,resnet50,subject,5,0.43478260869565216,0.6066066066066066,0.32432432432432434,0.8888888888888888,0.48,0.7214714714714715,0.18784843700982792,0.435820652173913,0.33695652173913043,0.532608695652174,0.7221162766505793,0.5840653153153154,0.8529250968817592,0.3259306953656822,0.2191780821917808,0.4328701885310289,0.8878630307426597,0.7222222222222222,1.0
kaggle_spiral,handpd_spiral,efficientnet_b0,image,5,0.49728260869565216,0.6402027027027027,0.40540540540540543,0.875,0.5647058823529412,0.7870213963963965,0.23313349769634878,0.4977350543478261,0.41847826086956524,0.5869565217391305,0.7866910065138182,0.6605400472689075,0.8920628615748101,0.40598640422846755,0.32432432432432434,0.49666883116883115,0.8750776961230723,0.7272159090909092,0.9868421052631579
kaggle_spiral,handpd_spiral,efficientnet_b0,subject,5,0.4782608695652174,0.6336336336336337,0.3783783783783784,0.8888888888888888,0.5384615384615384,0.8093093093093092,0.22617334101665973,0.47914673913043476,0.3804347826086957,0.5869565217391305,0.808669434884177,0.6586163321391766,0.9294294294294294,0.3795834341784806,0.27535326086956524,0.49333766233766235,0.8886136560516585,0.7271464646464647,1.0
