dataset,model,protocol,level,n_train_subjects,n_test_subjects,n_overlapping_subjects,overlap_fraction_of_test,seed,accuracy,balanced_accuracy,sensitivity,specificity,f1,roc_auc,mcc,accuracy_bootmean,accuracy_lo95,accuracy_hi95,roc_auc_bootmean,roc_auc_lo95,roc_auc_hi95,sensitivity_bootmean,sensitivity_lo95,sensitivity_hi95,specificity_bootmean,specificity_lo95,specificity_hi95,p1_leak_fraction,acc_same_subject_seen,acc_subject_unseen,permutation_floor_balacc,permutation_floor_auc,permutation_floor_acc
kaggle:spiral,-,provided_split_leakage,subject,28.0,25.0,25.0,1.0,,,,,,,,,,,,,,,,,,,,,,,,,,
kaggle:spiral,vgg16,P1_image,image,,,,,1.0,0.7549019607843137,0.7549019607843137,0.8823529411764706,0.6274509803921569,0.782608695652174,0.8027681660899655,0.5272196186749782,0.755069550009288,0.6555357142857143,0.8422647527910686,0.7921530297428667,0.6531694180474334,0.8818842157204226,0.881025514923275,0.803921568627451,0.9545707070707071,0.6095570192624706,0.36583333333333334,0.7744465528146743,,,,,,
kaggle:spiral,vgg16,P1_image,subject,,,,,1.0,0.6785714285714286,0.6538461538461539,1.0,0.3076923076923077,0.7692307692307693,0.8615384615384616,0.43852900965351455,0.6776785714285714,0.5,0.8214285714285714,0.8630217618308825,0.7139724310776943,0.9739716198979592,1.0,1.0,1.0,0.30224357924067674,0.0,0.5386363636363637,,,,,,
kaggle:spiral,vgg16,P2_subject,image,,,,,1.0,0.6470588235294118,0.6470588235294117,0.6078431372549019,0.6862745098039216,0.6326530612244898,0.7370242214532872,0.29502647161824747,0.651394275615558,0.46273148148148147,0.8541666666666666,0.743782489820248,0.5295245763361707,0.915923202614379,0.5968958235760615,0.3682383040935672,0.8167045454545454,0.7292624269084242,0.4382982456140351,1.0,,,,,,
kaggle:spiral,vgg16,P2_subject,subject,,,,,1.0,0.6785714285714286,0.6897435897435897,0.5333333333333333,0.8461538461538461,0.64,0.7743589743589743,0.3949827793858816,0.6778571428571429,0.5,0.8214285714285714,0.775556759951711,0.5878883861236802,0.92828125,0.5299821012321012,0.285515873015873,0.7692307692307693,0.8503457674291652,0.615,1.0,,,,,,
kaggle:spiral,vgg16,leakage_probe,image,,,,,1.0,,,,,,,,,,,,,,,,,,,,0.9117647058823529,0.7311827956989247,1.0,0.5415204678362573,0.5532163742690058,0.5686274509803921
kaggle:spiral,resnet50,P1_image,image,,,,,1.0,0.6862745098039216,0.6862745098039216,0.39215686274509803,0.9803921568627451,0.5555555555555556,0.8300653594771242,0.4606822127204284,0.673451660902382,0.5116071428571428,0.8235661764705882,0.8276271006933446,0.7031060324538586,0.9228075396825397,0.37738253022566637,0.1332051282051282,0.6379156010230179,0.9797718066802343,0.928505291005291,1.0,,,,,,
kaggle:spiral,resnet50,P1_image,subject,,,,,1.0,0.6785714285714286,0.7,0.4,1.0,0.5714285714285714,0.8666666666666667,0.48617243480439776,0.675,0.4642857142857143,0.8571428571428571,0.8554612379571813,0.6768229166666667,0.9722222222222222,0.3921308684006053,0.15357142857142858,0.6153846153846154,1.0,1.0,1.0,,,,,,
kaggle:spiral,resnet50,P2_subject,image,,,,,1.0,0.6568627450980392,0.6568627450980392,0.5098039215686274,0.803921568627451,0.5977011494252874,0.7239523260284505,0.3282439759448873,0.641966430689362,0.4875,0.7549877450980392,0.7162427580253689,0.5246614583333333,0.8823342130578974,0.4957644012833501,0.28194444444444444,0.7147619047619049,0.7989776385694978,0.6548187444739169,0.9233333333333335,,,,,,
kaggle:spiral,resnet50,P2_subject,subject,,,,,1.0,0.5714285714285714,0.5846153846153846,0.4,0.7692307692307693,0.5,0.7230769230769231,0.18071682129971955,0.56625,0.35714285714285715,0.7508928571428574,0.7194280216564605,0.4873008040935672,0.916796875,0.39152887581544704,0.15384615384615385,0.6671875,0.7637123891330547,0.5,1.0,,,,,,
kaggle:spiral,resnet50,leakage_probe,image,,,,,1.0,,,,,,,,,,,,,,,,,,,,0.9117647058823529,0.7311827956989247,0.2222222222222222,0.4783625730994152,0.539571150097466,0.49019607843137253
kaggle:spiral,efficientnet_b0,P1_image,image,,,,,1.0,0.6764705882352942,0.6764705882352942,0.47058823529411764,0.8823529411764706,0.5925925925925926,0.7535563244905805,0.3872983346207417,0.6670754004471446,0.5118849206349206,0.8106186868686868,0.7487165393639134,0.5853860830527498,0.8524860788613691,0.45396848945535817,0.20305555555555554,0.7162640901771337,0.8851424727402062,0.7777777777777778,0.969760101010101,,,,,,
kaggle:spiral,efficientnet_b0,P1_image,subject,,,,,1.0,0.6428571428571429,0.6615384615384616,0.4,0.9230769230769231,0.5454545454545454,0.7589743589743589,0.3721042037676254,0.645,0.4642857142857143,0.7857142857142857,0.7603252813715966,0.5549707602339181,0.9181283422459893,0.3988242005027996,0.149375,0.6434523809523811,0.925707857115365,0.7272727272727273,1.0,,,,,,
kaggle:spiral,efficientnet_b0,P2_subject,image,,,,,1.0,0.5686274509803921,0.5686274509803921,0.21568627450980393,0.9215686274509803,0.3333333333333333,0.6989619377162629,0.19377278632539327,0.556168668345976,0.39572916666666663,0.7193713450292398,0.7202924463831075,0.5258550642479214,0.8906083152958153,0.21852076442236232,0.04740896358543418,0.4212406015037594,0.9362882055982052,0.84,1.0,,,,,,
kaggle:spiral,efficientnet_b0,P2_subject,subject,,,,,1.0,0.6071428571428571,0.6333333333333333,0.26666666666666666,1.0,0.42105263157894735,0.7589743589743589,0.38005847503304596,0.6025,0.39285714285714285,0.7857142857142857,0.7601172921866268,0.5227005347593582,0.8958864795918366,0.25833700971800816,0.06666666666666667,0.474342105263158,1.0,1.0,1.0,,,,,,
kaggle:spiral,efficientnet_b0,leakage_probe,image,,,,,1.0,,,,,,,,,,,,,,,,,,,,0.9117647058823529,0.7419354838709677,0.0,0.4672514619883041,0.41286549707602344,0.5196078431372549
kaggle:spiral,vgg16,P1_image,image,,,,,2.0,0.5980392156862745,0.5980392156862745,0.5882352941176471,0.6078431372549019,0.594059405940594,0.6974240676662822,0.19611613513818404,0.5904773161457565,0.4880952380952381,0.6833333333333333,0.6902717175510382,0.5670331790123457,0.783035426731079,0.5835346034874774,0.4442982456140351,0.7000925925925926,0.5908264642717841,0.42419191919191923,0.7308333333333333,,,,,,
kaggle:spiral,vgg16,P1_image,subject,,,,,2.0,0.6785714285714286,0.6897435897435897,0.5333333333333333,0.8461538461538461,0.64,0.7282051282051283,0.3949827793858816,0.671607142857143,0.5357142857142857,0.8571428571428571,0.7233809176052032,0.5259675480769231,0.9277884615384616,0.5286165834079921,0.3076923076923077,0.7857142857142857,0.8373980373556613,0.6360795454545455,1.0,,,,,,
kaggle:spiral,vgg16,P2_subject,image,,,,,2.0,0.7450980392156863,0.7450980392156863,0.5882352941176471,0.9019607843137255,0.6976744186046512,0.8104575163398693,0.5162601284777506,0.7300940735455012,0.5708333333333333,0.8774853801169591,0.7869395984074599,0.5745920138888889,0.9325411142676768,0.5672217550465145,0.35714285714285715,0.7879734848484848,0.8928586572102284,0.6968073593073594,1.0,,,,,,
kaggle:spiral,vgg16,P2_subject,subject,,,,,2.0,0.6785714285714286,0.6897435897435897,0.5333333333333333,0.8461538461538461,0.64,0.7487179487179487,0.3949827793858816,0.6746428571428572,0.5,0.8214285714285714,0.7439628931018182,0.5715885416666666,0.8932479668003566,0.532513055937011,0.3,0.7696428571428573,0.8379299266265211,0.6153846153846154,1.0,,,,,,
kaggle:spiral,vgg16,leakage_probe,image,,,,,2.0,,,,,,,,,,,,,,,,,,,,0.9705882352941176,0.6161616161616161,0.0,0.560233918128655,0.6097465886939571,0.5686274509803921
kaggle:spiral,resnet50,P1_image,image,,,,,2.0,0.7450980392156863,0.7450980392156863,0.6274509803921569,0.8627450980392157,0.7111111111111111,0.8077662437524029,0.504356277224002,0.7427251377757377,0.6248511904761905,0.8421174463937622,0.8132931539260849,0.7126992317394795,0.9143563034188035,0.6273871363640282,0.443859649122807,0.8057291666666667,0.8631870290147571,0.75,0.9487179487179487,,,,,,
kaggle:spiral,resnet50,P1_image,subject,,,,,2.0,0.6785714285714286,0.6948717948717948,0.4666666666666667,0.9230769230769231,0.6086956521739131,0.8256410256410256,0.43026527297494643,0.6810714285714287,0.5348214285714286,0.8571428571428571,0.8273214502914097,0.6306887755102041,0.9626098166539343,0.46569714133046175,0.25,0.714484126984127,0.9299356082084409,0.7775641025641026,1.0,,,,,,
kaggle:spiral,resnet50,P2_subject,image,,,,,2.0,0.7058823529411765,0.7058823529411764,0.43137254901960786,0.9803921568627451,0.5945945945945946,0.825836216839677,0.49265379329101755,0.6917172757382198,0.5415178571428572,0.8403025793650793,0.8208372415716784,0.670969662571225,0.9372432659932661,0.4122283906835277,0.24428571428571427,0.6141008771929825,0.9790091919498426,0.9090909090909091,1.0,,,,,,
kaggle:spiral,resnet50,P2_subject,subject,,,,,2.0,0.6785714285714286,0.7,0.4,1.0,0.5714285714285714,0.8358974358974358,0.48617243480439776,0.6782142857142857,0.5,0.8223214285714288,0.8348194990247663,0.6775,0.9744871794871796,0.39862787236413394,0.16644736842105262,0.6157894736842107,1.0,1.0,1.0,,,,,,
kaggle:spiral,resnet50,leakage_probe,image,,,,,2.0,,,,,,,,,,,,,,,,,,,,0.9705882352941176,0.7373737373737373,1.0,0.5497076023391813,0.6686159844054581,0.5882352941176471
kaggle:spiral,efficientnet_b0,P1_image,image,,,,,2.0,0.6666666666666666,0.6666666666666666,0.5686274509803921,0.7647058823529411,0.6304347826086957,0.7339484813533256,0.33993202039320236,0.6600981950196346,0.51109375,0.7727543290043289,0.7264753769466904,0.5937161133392751,0.8395330112721416,0.571083149012881,0.3777083333333333,0.7436666666666667,0.7473956001926222,0.5831439393939394,0.8788419913419914,,,,,,
kaggle:spiral,efficientnet_b0,P1_image,subject,,,,,2.0,0.7142857142857143,0.7282051282051283,0.5333333333333333,0.9230769230769231,0.6666666666666666,0.7487179487179487,0.4873877907780315,0.715,0.5357142857142857,0.8928571428571429,0.7454073613005502,0.5515465561224491,0.9062500000000002,0.5302606889154877,0.28523809523809524,0.7700000000000002,0.9299356082084409,0.7775641025641026,1.0,,,,,,
kaggle:spiral,efficientnet_b0,P2_subject,image,,,,,2.0,0.6078431372549019,0.607843137254902,0.5882352941176471,0.6274509803921569,0.6,0.6278354479046521,0.21585231477651132,0.5944823408756981,0.3998214285714286,0.7546052631578948,0.606335223095534,0.3841957521645022,0.8239642132105367,0.5765362297854676,0.3664285714285714,0.7837500000000001,0.5960073999028037,0.2727272727272727,0.8508789722785667,,,,,,
kaggle:spiral,efficientnet_b0,P2_subject,subject,,,,,2.0,0.5714285714285714,0.5692307692307692,0.6,0.5384615384615384,0.6,0.5743589743589743,0.13846153846153847,0.5717857142857142,0.39285714285714285,0.75,0.5665223436341167,0.30983187134502926,0.8027800059417708,0.6053658448319826,0.3333333333333333,0.8422064777327934,0.5298359028742157,0.25,0.8185606060606062,,,,,,
kaggle:spiral,efficientnet_b0,leakage_probe,image,,,,,2.0,,,,,,,,,,,,,,,,,,,,0.9705882352941176,0.6666666666666666,0.6666666666666666,0.5087719298245614,0.6058479532163742,0.5294117647058824
kaggle:spiral,vgg16,P1_image,image,,,,,3.0,0.5980392156862745,0.5980392156862745,0.5294117647058824,0.6666666666666666,0.5684210526315789,0.6778162245290273,0.19795189561622395,0.595471459073829,0.4636904761904762,0.7083333333333334,0.6773748809159258,0.5248783068783068,0.8016977062289563,0.5322562190186843,0.3333333333333333,0.7062908496732028,0.6577771784650799,0.5150505050505051,0.7708607456140352,,,,,,
kaggle:spiral,vgg16,P1_image,subject,,,,,3.0,0.5714285714285714,0.5846153846153846,0.4,0.7692307692307693,0.5,0.6615384615384615,0.18071682129971955,0.5755357142857143,0.39285714285714285,0.75,0.6576008807200344,0.442666266025641,0.8450207497771837,0.39432894775503136,0.16634615384615384,0.6003846153846154,0.7763800218099755,0.5,1.0,,,,,,
kaggle:spiral,vgg16,P2_subject,image,,,,,3.0,0.7450980392156863,0.7450980392156863,0.5294117647058824,0.9607843137254902,0.675,0.8219915417147251,0.5433498852303892,0.741786716921068,0.5589285714285714,0.8917708333333334,0.8224984681417105,0.6558330793899554,0.9546070987654321,0.5014732235820628,0.21130536130536132,0.7669444444444445,0.9647816121065148,0.8666666666666667,1.0,,,,,,
kaggle:spiral,vgg16,P2_subject,subject,,,,,3.0,0.6428571428571429,0.6615384615384616,0.4,0.9230769230769231,0.5454545454545454,0.9025641025641026,0.3721042037676254,0.6514285714285716,0.4642857142857143,0.8214285714285714,0.8971670202102741,0.7638888888888888,0.9893048128342246,0.41392395154295314,0.16562500000000002,0.6430357142857144,0.9119217423872996,0.7,1.0,,,,,,
kaggle:spiral,vgg16,leakage_probe,image,,,,,3.0,,,,,,,,,,,,,,,,,,,,0.9117647058823529,0.6236559139784946,0.3333333333333333,0.5392156862745098,0.5986159169550174,0.5392156862745098
kaggle:spiral,resnet50,P1_image,image,,,,,3.0,0.7254901960784313,0.7254901960784313,0.5686274509803921,0.8823529411764706,0.6744186046511628,0.7970011534025375,0.4749593181995306,0.7267766439364156,0.5476190476190477,0.8650793650793651,0.8007927118349136,0.6566699087042225,0.9157386587704911,0.5684071256408864,0.28538961038961036,0.8000980392156863,0.8869134778035618,0.7913194444444445,0.9696969696969697,,,,,,
kaggle:spiral,resnet50,P1_image,subject,,,,,3.0,0.75,0.7666666666666666,0.5333333333333333,1.0,0.6956521739130435,0.8461538461538461,0.5887840577551898,0.7564285714285713,0.6071428571428571,0.8928571428571429,0.8465400635886178,0.6874043367346939,0.9542091836734694,0.5339557455573322,0.2857142857142857,0.7696428571428573,1.0,1.0,1.0,,,,,,
kaggle:spiral,resnet50,P2_subject,image,,,,,3.0,0.7450980392156863,0.7450980392156863,0.7254901960784313,0.7647058823529411,0.74,0.7712418300653594,0.49057344267388936,0.7456679810029899,0.6016865079365079,0.8667105263157895,0.7675292209214518,0.5934350198412699,0.8992240867870159,0.7145853208537514,0.5235347985347986,0.8545717592592593,0.7652345119540419,0.5475649350649351,0.9167385057471265,,,,,,
kaggle:spiral,resnet50,P2_subject,subject,,,,,3.0,0.6785714285714286,0.6794871794871795,0.6666666666666666,0.6923076923076923,0.6896551724137931,0.7589743589743589,0.35805743701971643,0.6839285714285714,0.5357142857142857,0.8571428571428571,0.7597839969037241,0.5846153846153846,0.9111942959001783,0.6794764452738523,0.4282738095238095,0.8753472222222223,0.6845351687571114,0.43727678571428574,0.9090909090909091,,,,,,
kaggle:spiral,resnet50,leakage_probe,image,,,,,3.0,,,,,,,,,,,,,,,,,,,,0.9117647058823529,0.7311827956989247,0.6666666666666666,0.5588235294117647,0.6093810073048828,0.5588235294117647
kaggle:spiral,efficientnet_b0,P1_image,image,,,,,3.0,0.6176470588235294,0.6176470588235294,0.3333333333333333,0.9019607843137255,0.4657534246575342,0.5897731641676279,0.28603877677367767,0.6141437555754683,0.45826388888888886,0.7398437500000001,0.5914960559306338,0.4320475589225589,0.7404873949579831,0.33647791665900706,0.17622549019607844,0.4708026960784314,0.8987716265155004,0.7946969696969697,1.0,,,,,,
kaggle:spiral,efficientnet_b0,P1_image,subject,,,,,3.0,0.5357142857142857,0.5615384615384615,0.2,0.9230769230769231,0.3157894736842105,0.6666666666666666,0.17541160386140583,0.5403571428571429,0.35714285714285715,0.6785714285714286,0.6723885416990376,0.4691113945578231,0.8609662804515745,0.19199144667681822,0.0,0.4118872549019608,0.9228526008520204,0.726948051948052,1.0,,,,,,
kaggle:spiral,efficientnet_b0,P2_subject,image,,,,,3.0,0.6470588235294118,0.6470588235294117,0.5098039215686274,0.7843137254901961,0.5909090909090909,0.7181853133410226,0.30586777135731963,0.6468534995103721,0.4581845238095238,0.8057065217391305,0.7066385922436027,0.48814780055014434,0.8763445071010861,0.49045092506961424,0.24951923076923077,0.7256862745098039,0.7821488182172723,0.5638888888888889,0.9506613756613757,,,,,,
kaggle:spiral,efficientnet_b0,P2_subject,subject,,,,,3.0,0.5714285714285714,0.5846153846153846,0.4,0.7692307692307693,0.5,0.6717948717948717,0.18071682129971955,0.5789285714285713,0.42857142857142855,0.75,0.6686764835442827,0.4614973262032086,0.8461988304093567,0.4068524382609135,0.17622549019607844,0.6844129554655871,0.7665538736719077,0.5383333333333333,1.0,,,,,,
kaggle:spiral,efficientnet_b0,leakage_probe,image,,,,,3.0,,,,,,,,,,,,,,,,,,,,0.9117647058823529,0.6344086021505376,0.4444444444444444,0.5588235294117647,0.6082276047673971,0.5588235294117647
kaggle:spiral,vgg16,P1_image,image,,,,,4.0,0.696078431372549,0.696078431372549,0.49019607843137253,0.9019607843137255,0.6172839506172839,0.7843137254901961,0.43033148291193524,0.6893345352760989,0.5234593837535014,0.8335416666666667,0.7827917483354265,0.668280009920635,0.9125485008818343,0.4876205635845403,0.2740196078431373,0.7436274509803922,0.891500854023545,0.7777777777777778,0.9778431372549019,,,,,,
kaggle:spiral,vgg16,P1_image,subject,,,,,4.0,0.6428571428571429,0.6615384615384616,0.4,0.9230769230769231,0.5454545454545454,0.7948717948717948,0.3721042037676254,0.6433928571428572,0.4642857142857143,0.8223214285714288,0.8015661384531424,0.6408163265306122,0.9375318877551021,0.3979383449153186,0.14285714285714285,0.6666666666666666,0.9301779002516232,0.75,1.0,,,,,,
kaggle:spiral,vgg16,P2_subject,image,,,,,4.0,0.7450980392156863,0.7450980392156863,0.5098039215686274,0.9803921568627451,0.6666666666666666,0.81199538638985,0.5555555555555556,0.7367866035389146,0.5708333333333333,0.8704861111111111,0.7987700205916984,0.5708546865715983,0.9224851455733809,0.5013001617390493,0.19375,0.7556481481481482,0.9764620471790494,0.9214460784313725,1.0,,,,,,
kaggle:spiral,vgg16,P2_subject,subject,,,,,4.0,0.6785714285714286,0.7,0.4,1.0,0.5714285714285714,0.7897435897435897,0.48617243480439776,0.6758928571428572,0.5,0.8571428571428571,0.7940142805182127,0.5739030612244899,0.9335897435897437,0.3979383449153186,0.14285714285714285,0.6666666666666666,1.0,1.0,1.0,,,,,,
kaggle:spiral,vgg16,leakage_probe,image,,,,,4.0,,,,,,,,,,,,,,,,,,,,0.9117647058823529,0.6989247311827957,0.6666666666666666,0.5099415204678363,0.5458089668615984,0.5490196078431373
kaggle:spiral,resnet50,P1_image,image,,,,,4.0,0.7843137254901961,0.7843137254901961,0.7843137254901961,0.7843137254901961,0.7843137254901961,0.8469819300269127,0.5686274509803921,0.7834945237238969,0.6775,0.8712455436720142,0.8454177471271237,0.7236881731859411,0.9443384484228474,0.7833404827925473,0.6489661654135339,0.8986359761295822,0.777181330181354,0.5713095238095238,0.9028935185185185,,,,,,
kaggle:spiral,resnet50,P1_image,subject,,,,,4.0,0.75,0.7564102564102564,0.6666666666666666,0.8461538461538461,0.7407407407407407,0.8974358974358976,0.516811394121702,0.7541071428571429,0.6071428571428571,0.8928571428571429,0.902859996593411,0.759766231053825,1.0,0.6688787786216192,0.42857142857142855,0.8888888888888888,0.8547458431661218,0.6421703296703297,1.0,,,,,,
kaggle:spiral,resnet50,P2_subject,image,,,,,4.0,0.696078431372549,0.696078431372549,0.5686274509803921,0.8235294117647058,0.651685393258427,0.7508650519031143,0.40555355282690636,0.6824630988230186,0.5206101190476191,0.8000520833333334,0.7362219495959224,0.5500967352753067,0.8817757045766305,0.556380222792771,0.3333333333333333,0.7623015873015874,0.8049028239155629,0.5895833333333333,0.9488095238095238,,,,,,
kaggle:spiral,resnet50,P2_subject,subject,,,,,4.0,0.6071428571428571,0.617948717948718,0.4666666666666667,0.7692307692307693,0.56,0.7025641025641026,0.24552983583446694,0.5958928571428571,0.42857142857142855,0.75,0.6943389558996523,0.48429528061224497,0.880254407051282,0.45219922045618643,0.19941176470588237,0.6671875,0.7652047291159133,0.5286764705882353,1.0,,,,,,
kaggle:spiral,resnet50,leakage_probe,image,,,,,4.0,,,,,,,,,,,,,,,,,,,,0.9117647058823529,0.7849462365591398,0.7777777777777778,0.5461988304093567,0.5793372319688109,0.5686274509803921
kaggle:spiral,efficientnet_b0,P1_image,image,,,,,4.0,0.5784313725490197,0.5784313725490196,0.6470588235294118,0.5098039215686274,0.6055045871559633,0.6520569011918493,0.15836151649297917,0.5787618644892832,0.47909226190476195,0.6771006944444445,0.6468435064211383,0.5295522186147187,0.7479458648989901,0.6527454359810634,0.5302807486631016,0.7859432234432234,0.5006492312558734,0.35086805555555556,0.6666666666666666,,,,,,
kaggle:spiral,efficientnet_b0,P1_image,subject,,,,,4.0,0.6785714285714286,0.6692307692307693,0.8,0.5384615384615384,0.7272727272727273,0.6974358974358974,0.3522819383711917,0.6758928571428572,0.4642857142857143,0.8214285714285714,0.6911096577417619,0.499933155080214,0.877051282051282,0.7913237724822477,0.5,1.0,0.5392621077752656,0.25,0.75,,,,,,
kaggle:spiral,efficientnet_b0,P2_subject,image,,,,,4.0,0.6274509803921569,0.6274509803921569,0.3137254901960784,0.9411764705882353,0.45714285714285713,0.6493656286043828,0.32736142735782137,0.623576032765058,0.4640674603174603,0.7982547514619883,0.6384062279845394,0.4606372236394558,0.8006009328046839,0.3208870099361535,0.08760964912280701,0.5241402116402117,0.9335118210117349,0.8481060606060606,1.0,,,,,,
kaggle:spiral,efficientnet_b0,P2_subject,subject,,,,,4.0,0.6071428571428571,0.6333333333333333,0.26666666666666666,1.0,0.42105263157894735,0.5333333333333333,0.38005847503304596,0.6048214285714285,0.42857142857142855,0.8214285714285714,0.5352848267512134,0.3009307953950811,0.7607652243589744,0.2648958844088488,0.06093750000000003,0.5555555555555556,1.0,1.0,1.0,,,,,,
kaggle:spiral,efficientnet_b0,leakage_probe,image,,,,,4.0,,,,,,,,,,,,,,,,,,,,0.9117647058823529,0.6021505376344086,0.3333333333333333,0.5169590643274853,0.5399610136452242,0.5098039215686274
kaggle:spiral,vgg16,P1_image,image,,,,,5.0,0.6372549019607843,0.6372549019607843,0.8627450980392157,0.4117647058823529,0.704,0.7966166858900423,0.3075623426146228,0.6366633734579286,0.520775462962963,0.7685185185185185,0.7945506066698104,0.6882667824074075,0.8884802350427351,0.853966525760226,0.7331372549019607,0.9474021592442644,0.4080188199966426,0.24067460317460315,0.5626531862745099,,,,,,
kaggle:spiral,vgg16,P1_image,subject,,,,,5.0,0.75,0.7307692307692308,1.0,0.46153846153846156,0.8108108108108109,0.8358974358974359,0.5609681940050744,0.7476785714285714,0.60625,0.8928571428571429,0.8228017464028227,0.6053401360544217,0.9680363054312634,1.0,1.0,1.0,0.4459325278050123,0.15277777777777782,0.7274242424242425,,,,,,
kaggle:spiral,vgg16,P2_subject,image,,,,,5.0,0.5588235294117647,0.5588235294117647,0.47058823529411764,0.6470588235294118,0.5161290322580645,0.6113033448673588,0.11952286093343936,0.5619873081210156,0.35714285714285715,0.7634539473684212,0.6115608850416733,0.3774537037037037,0.8021496269409156,0.469508294352868,0.2139285714285714,0.737171052631579,0.6390198951126892,0.24875000000000003,0.8893939393939395,,,,,,
kaggle:spiral,vgg16,P2_subject,subject,,,,,5.0,0.4642857142857143,0.46923076923076923,0.4,0.5384615384615384,0.4444444444444444,0.5487179487179487,-0.062017367294604234,0.4673214285714286,0.2857142857142857,0.6428571428571429,0.5548856362574848,0.327734375,0.7889583333333334,0.39787684809861923,0.17622549019607844,0.6475490196078433,0.5516297944831227,0.27765151515151515,0.8336538461538463,,,,,,
kaggle:spiral,vgg16,leakage_probe,image,,,,,5.0,,,,,,,,,,,,,,,,,,,,0.8529411764705882,0.632183908045977,0.6666666666666666,0.6196581196581197,0.6402116402116402,0.6568627450980392
kaggle:spiral,resnet50,P1_image,image,,,,,5.0,0.6470588235294118,0.6470588235294118,0.5882352941176471,0.7058823529411765,0.625,0.7331795463283353,0.2961744388795462,0.6448417587327097,0.5,0.7604166666666666,0.7325744307503084,0.5845115059912854,0.8621654040404041,0.5732763558406815,0.37249455337690635,0.7601176470588236,0.7192361461429662,0.5788070175438597,0.8666666666666667,,,,,,
kaggle:spiral,resnet50,P1_image,subject,,,,,5.0,0.6428571428571429,0.6564102564102564,0.4666666666666667,0.8461538461538461,0.5833333333333334,0.7948717948717948,0.33405230603887553,0.6392857142857143,0.46339285714285716,0.8214285714285714,0.7897797438533697,0.5866817111459969,0.9359053773024362,0.4757019754663533,0.23076923076923078,0.7142857142857143,0.8281966732313094,0.5553030303030303,1.0,,,,,,
kaggle:spiral,resnet50,P2_subject,image,,,,,5.0,0.696078431372549,0.696078431372549,0.4117647058823529,0.9803921568627451,0.5753424657534246,0.732410611303345,0.4767312946227961,0.6959036488566833,0.548686974789916,0.8500219298245614,0.735468879369015,0.5865443838354055,0.8754072899262043,0.40637106200788503,0.1838888888888889,0.6985994397759103,0.9790243230753809,0.9256944444444445,1.0,,,,,,
kaggle:spiral,resnet50,P2_subject,subject,,,,,5.0,0.6428571428571429,0.6666666666666666,0.3333333333333333,1.0,0.5,0.7025641025641026,0.4340573661412156,0.6369642857142858,0.42857142857142855,0.7857142857142857,0.7067172104504204,0.5177551020408163,0.8824736048265459,0.3302268086277627,0.11060606060606061,0.5834558823529412,1.0,1.0,1.0,,,,,,
kaggle:spiral,resnet50,leakage_probe,image,,,,,5.0,,,,,,,,,,,,,,,,,,,,0.8529411764705882,0.6666666666666666,0.5333333333333333,0.5225885225885226,0.5510785510785511,0.6274509803921569
kaggle:spiral,efficientnet_b0,P1_image,image,,,,,5.0,0.6176470588235294,0.6176470588235294,0.27450980392156865,0.9607843137254902,0.417910447761194,0.6608996539792388,0.3234983196103152,0.6104102181062657,0.45517857142857143,0.7754227053140097,0.6562309416290796,0.5363659633190883,0.7592896962706652,0.26702211135531845,0.09796918767507003,0.43767361111111114,0.9599742828645832,0.8999358974358974,1.0,,,,,,
kaggle:spiral,efficientnet_b0,P1_image,subject,,,,,5.0,0.5357142857142857,0.5666666666666667,0.13333333333333333,1.0,0.23529411764705882,0.7076923076923077,0.2581988897471611,0.5323214285714285,0.32142857142857145,0.7142857142857143,0.713114992490758,0.5151157770800627,0.8958733974358974,0.13806061982299866,0.0,0.3125,1.0,1.0,1.0,,,,,,
kaggle:spiral,efficientnet_b0,P2_subject,image,,,,,5.0,0.6274509803921569,0.6274509803921569,0.5686274509803921,0.6862745098039216,0.6041666666666666,0.6974240676662822,0.2566845136956067,0.6239753162267381,0.4284821428571428,0.8229166666666666,0.7024014412113206,0.4852858569570527,0.9027083167950042,0.5613802843420637,0.36944444444444446,0.74375,0.7024147259421997,0.3908967391304348,1.0,,,,,,
kaggle:spiral,efficientnet_b0,P2_subject,subject,,,,,5.0,0.7142857142857143,0.7230769230769231,0.6,0.8461538461538461,0.6923076923076923,0.764102564102564,0.4555973021063105,0.7166071428571428,0.5714285714285714,0.8928571428571429,0.7672120894982908,0.5743048128342245,0.9334375,0.6056130270439616,0.3333333333333333,0.8571428571428571,0.8511123798801818,0.6660714285714285,1.0,,,,,,
kaggle:spiral,efficientnet_b0,leakage_probe,image,,,,,5.0,,,,,,,,,,,,,,,,,,,,0.8529411764705882,0.6206896551724138,0.6,0.5134310134310134,0.5824175824175823,0.4411764705882353
